Season,Data/Matchweek,H,A,Result,H points,A points,H Goals,A Goals,H Shots,A Shots,H shots on target,A shots on target,H fouls,A fouls,H yellows,A yellows,H corners,A Corners
22,Matchweek 21,West Ham United,Everton,H,3,0,2,0,11,5,4,2,9,6,1,1,4,9
22,Matchweek 21,Southampton,Aston Villa,A,0,3,0,1,8,16,5,5,19,9,1,2,2,2
22,Matchweek 21,Manchester City,Wolverhampton Wanderers,H,3,0,3,0,13,10,7,1,10,10,1,2,5,7
22,Matchweek 21,Liverpool,Chelsea,D,1,1,0,0,15,11,3,2,16,9,3,1,5,5
22,Matchweek 21,Leicester City,Brighton and Hove Albion,D,1,1,2,2,9,13,2,4,9,9,0,1,5,6
22,Matchweek 21,Leeds United,Brentford,D,1,1,0,0,9,6,5,0,10,18,2,2,2,3
22,Matchweek 21,Fulham,Tottenham Hotspur,A,0,3,0,1,10,10,5,3,10,10,1,3,3,8
22,Matchweek 21,Crystal Palace,Newcastle United,D,1,1,0,0,6,16,1,7,13,7,4,2,3,15
22,Matchweek 21,Bournemouth,Nottingham Forest,D,1,1,1,1,16,20,4,5,10,7,1,2,4,6
22,Matchweek 21,Arsenal,Manchester United,H,3,0,3,2,25,6,5,4,8,9,1,2,12,4
22,Matchweek 20,Wolverhampton Wanderers,West Ham United,H,3,0,1,0,17,16,4,4,10,7,0,2,4,3
22,Matchweek 20,Tottenham Hotspur,Arsenal,A,0,3,0,2,17,14,7,5,16,15,4,2,4,3
22,Matchweek 20,Nottingham Forest,Leicester City,H,3,0,2,0,15,6,5,1,11,12,1,2,3,5
22,Matchweek 20,Newcastle United,Fulham,H,3,0,1,0,20,5,5,0,6,14,1,3,10,5
22,Matchweek 20,Manchester United,Manchester City,H,3,0,2,1,8,5,4,1,15,5,3,0,1,2
22,Matchweek 20,Everton,Southampton,A,0,3,1,2,12,13,4,5,7,18,0,3,6,4
22,Matchweek 20,Chelsea,Crystal Palace,H,3,0,1,0,15,10,5,5,10,17,2,5,11,7
22,Matchweek 20,Brighton and Hove Albion,Liverpool,H,3,0,3,0,16,6,9,2,9,15,1,3,7,1
22,Matchweek 20,Brentford,Bournemouth,H,3,0,2,0,12,7,4,2,5,9,1,1,5,3
22,Matchweek 20,Aston Villa,Leeds United,H,3,0,2,1,11,16,5,4,12,18,2,2,0,11
22,Matchweek 19,Southampton,Nottingham Forest,A,0,3,0,1,8,11,0,1,14,17,2,2,6,2
22,Matchweek 19,Manchester United,Bournemouth,H,3,0,3,0,18,7,6,4,13,7,0,3,6,5
22,Matchweek 19,Leicester City,Fulham,A,0,3,0,1,15,11,6,2,12,11,2,6,6,3
22,Matchweek 19,Leeds United,West Ham United,D,1,1,2,2,14,15,6,2,11,18,3,1,8,1
22,Matchweek 19,Everton,Brighton and Hove Albion,A,0,3,1,4,10,19,4,8,8,10,3,1,5,2
22,Matchweek 19,Crystal Palace,Tottenham Hotspur,A,0,3,0,4,19,14,4,6,11,8,1,2,10,4
22,Matchweek 19,Chelsea,Manchester City,A,0,3,0,1,8,12,2,3,9,9,2,0,3,2
22,Matchweek 19,Brentford,Liverpool,H,3,0,3,1,10,16,7,6,5,8,1,3,4,9
22,Matchweek 19,Aston Villa,Wolverhampton Wanderers,D,1,1,1,1,13,10,4,3,6,12,1,3,7,8
22,Matchweek 19,Arsenal,Newcastle United,D,1,1,0,0,17,8,4,1,10,16,4,5,5,5
22,Matchweek 18,Wolverhampton Wanderers,Manchester United,A,0,3,0,1,10,16,3,6,11,11,1,3,7,5
22,Matchweek 18,West Ham United,Brentford,A,0,3,0,2,20,9,5,6,,,9,5,8,1
22,Matchweek 18,Tottenham Hotspur,Aston Villa,A,0,3,0,2,6,13,2,4,15,10,4,3,5,3
22,Matchweek 18,Nottingham Forest,Chelsea,D,1,1,1,1,12,7,5,2,16,14,2,2,1,2
22,Matchweek 18,Newcastle United,Leeds United,D,1,1,0,0,16,8,5,1,13,19,3,5,9,3
22,Matchweek 18,Manchester City,Everton,D,1,1,1,1,16,2,3,1,13,14,3,4,7,1
22,Matchweek 18,Liverpool,Leicester City,H,3,0,2,1,21,7,5,2,8,15,0,1,4,5
22,Matchweek 18,Fulham,Southampton,H,3,0,2,1,8,9,2,3,8,13,0,1,4,4
22,Matchweek 18,Brighton and Hove Albion,Arsenal,A,0,3,2,4,9,14,5,7,7,11,3,3,7,4
22,Matchweek 18,Bournemouth,Crystal Palace,A,0,3,0,2,6,15,2,6,17,11,4,1,2,7
22,Matchweek 17,Southampton,Brighton and Hove Albion,A,0,3,1,3,14,7,4,4,9,10,1,2,4,2
22,Matchweek 17,Manchester United,Nottingham Forest,H,3,0,3,0,17,8,8,3,13,4,3,1,9,9
22,Matchweek 17,Leicester City,Newcastle United,A,0,3,0,3,8,12,2,5,,,9,6,5,5
22,Matchweek 17,Leeds United,Manchester City,A,0,3,1,3,9,26,1,9,11,14,3,3,3,5
22,Matchweek 17,Everton,Wolverhampton Wanderers,A,0,3,1,2,12,7,6,4,9,22,1,6,2,2
22,Matchweek 17,Crystal Palace,Fulham,A,0,3,0,3,4,815,0,23,12,15,1,0,1,2
22,Matchweek 17,Chelsea,Bournemouth,H,3,0,2,0,15,9,5,4,,,8,10,6,8
22,Matchweek 17,Brentford,Tottenham Hotspur,D,1,1,2,2,9,15,5,8,11,10,3,1,6,5
22,Matchweek 17,Aston Villa,Liverpool,A,0,3,1,3,12,16,6,9,,,7,12,0,6
22,Matchweek 17,Arsenal,West Ham United,H,3,0,3,1,16,8,5,4,13,17,0,2,7,5
22,Matchweek 16,Wolverhampton Wanderers,Arsenal,A,0,3,0,2,11,14,2,4,5,6,3,2,6,4
22,Matchweek 16,West Ham United,Leicester City,A,0,3,0,2,18,9,6,6,9,8,3,1,7,2
22,Matchweek 16,Tottenham Hotspur,Leeds United,H,3,0,4,3,14,12,8,5,8,7,1,1,9,2
22,Matchweek 16,Nottingham Forest,Crystal Palace,H,3,0,1,0,9,8,2,0,11,13,1,4,1,5
22,Matchweek 16,Newcastle United,Chelsea,H,3,0,1,0,10,5,3,2,14,11,5,2,5,3
22,Matchweek 16,Manchester City,Brentford,A,0,3,1,2,29,10,6,8,9,7,2,2,10,2
22,Matchweek 16,Liverpool,Southampton,H,3,0,3,1,15,9,7,5,8,8,0,2,6,0
22,Matchweek 16,Fulham,Manchester United,A,0,3,1,2,14,14,7,9,9,10,1,1,10,3
22,Matchweek 16,Brighton and Hove Albion,Aston Villa,A,0,3,1,2,7,8,2,2,14,11,2,7,11,4
22,Matchweek 16,Bournemouth,Everton,H,3,0,3,0,16,15,9,3,12,8,2,0,3,5
22,Matchweek 15,Wolverhampton Wanderers,Brighton and Hove Albion,A,0,3,2,3,8,19,5,8,15,11,2,0,4,9
22,Matchweek 15,West Ham United,Crystal Palace,A,0,3,1,2,5,15,2,6,10,7,1,1,2,5
22,Matchweek 15,Tottenham Hotspur,Liverpool,A,0,3,1,2,14,13,5,6,,,10,8,5,3
22,Matchweek 15,Southampton,Newcastle United,A,0,3,1,4,16,7,5,4,7,10,1,0,8,2
22,Matchweek 15,Nottingham Forest,Brentford,D,1,1,2,2,15,6,7,2,10,11,2,2,3,3
22,Matchweek 15,Manchester City,Fulham,H,3,0,2,1,16,4,5,2,6,11,2,4,9,0
22,Matchweek 15,Leeds United,Bournemouth,D,1,1,3,3,18,9,4,6,,,16,10,13,3
22,Matchweek 15,Everton,Leicester City,A,0,3,0,2,12,22,2,8,,,9,5,8,3
22,Matchweek 15,Chelsea,Arsenal,A,0,3,0,1,5,14,1,2,19,13,5,2,4,6
22,Matchweek 15,Aston Villa,Manchester United,H,3,0,3,1,6,8,4,3,6,12,3,3,3,5
22,Matchweek 14,Newcastle United,Aston Villa,H,3,0,4,0,20,3,7,0,11,11,1,1,3,0
22,Matchweek 14,Manchester United,West Ham United,H,3,0,1,0,16,13,3,5,12,10,1,3,5,10
22,Matchweek 14,Liverpool,Leeds United,A,0,3,1,2,22,14,10,6,,,9,3,14,4
22,Matchweek 14,Leicester City,Manchester City,A,0,3,0,1,10,15,5,5,,,5,10,3,10
22,Matchweek 14,Fulham,Everton,D,1,1,0,0,24,9,6,4,10,8,2,1,13,4
22,Matchweek 14,Crystal Palace,Southampton,H,3,0,1,0,12,14,3,4,13,12,3,3,8,4
22,Matchweek 14,Brighton and Hove Albion,Chelsea,H,3,0,4,1,19,15,9,7,,,16,6,8,7
22,Matchweek 14,Brentford,Wolverhampton Wanderers,D,1,1,1,1,12,13,3,4,10,17,3,3,3,6
22,Matchweek 14,Bournemouth,Tottenham Hotspur,A,0,3,2,3,6,23,4,7,10,5,1,2,2,19
22,Matchweek 14,Arsenal,Nottingham Forest,H,3,0,5,0,24,5,10,2,9,8,0,1,9,4
22,Matchweek 13,Wolverhampton Wanderers,Leicester City,A,0,3,0,4,21,5,6,4,10,12,2,1,9,2
22,Matchweek 13,West Ham United,Bournemouth,H,3,0,2,0,20,5,4,3,9,11,0,2,5,0
22,Matchweek 13,Tottenham Hotspur,Newcastle United,A,0,3,1,2,17,13,5,5,12,6,4,2,6,7
22,Matchweek 13,Southampton,Arsenal,D,1,1,1,1,10,12,3,3,11,8,2,1,9,4
22,Matchweek 13,Nottingham Forest,Liverpool,H,3,0,1,0,10,15,7,7,14,8,2,1,2,11
22,Matchweek 13,Manchester City,Brighton and Hove Albion,H,3,0,3,1,10,8,4,2,11,12,1,3,6,3
22,Matchweek 13,Leeds United,Fulham,A,0,3,2,3,14,11,5,5,12,8,1,1,3,6
22,Matchweek 13,Everton,Crystal Palace,H,3,0,3,0,9,9,6,2,16,14,3,4,3,4
22,Matchweek 13,Chelsea,Manchester United,D,1,1,1,1,6,13,2,6,8,10,1,4,6,4
22,Matchweek 13,Aston Villa,Brentford,H,3,0,4,0,19,12,11,3,14,11,1,0,7,6
22,Matchweek 12,Newcastle United,Everton,H,3,0,1,0,16,1,4,0,9,12,2,4,8,2
22,Matchweek 12,Manchester United,Tottenham Hotspur,H,3,0,2,0,28,9,10,2,7,7,1,0,8,3
22,Matchweek 12,Liverpool,West Ham United,H,3,0,1,0,22,8,7,3,,,9,8,8,3
22,Matchweek 12,Leicester City,Leeds United,H,3,0,2,0,5,14,1,2,15,11,2,1,2,9
22,Matchweek 12,Fulham,Aston Villa,H,3,0,3,0,18,12,8,6,11,11,0,2,9,7
22,Matchweek 12,Crystal Palace,Wolverhampton Wanderers,H,3,0,2,1,14,10,4,4,14,18,3,1,4,2
22,Matchweek 12,Brighton and Hove Albion,Nottingham Forest,D,1,1,0,0,19,3,7,0,10,14,3,1,9,1
22,Matchweek 12,Brentford,Chelsea,D,1,1,0,0,8,14,5,5,,,7,7,6,2
22,Matchweek 12,Bournemouth,Southampton,A,0,3,0,1,15,9,3,3,8,13,1,3,7,3
22,Matchweek 11,Wolverhampton Wanderers,Nottingham Forest,H,3,0,1,0,9,10,2,2,17,13,2,2,4,5
22,Matchweek 11,Tottenham Hotspur,Everton,H,3,0,2,0,21,4,7,0,,,12,13,7,1
22,Matchweek 11,Southampton,West Ham United,D,1,1,1,1,10,25,8,4,7,3,1,1,4,14
22,Matchweek 11,Manchester United,Newcastle United,D,1,1,0,0,15,9,2,2,13,11,3,1,4,4
22,Matchweek 11,Liverpool,Manchester City,H,3,0,1,0,13,16,2,6,10,7,3,1,5,6
22,Matchweek 11,Leicester City,Crystal Palace,D,1,1,0,0,14,8,5,1,18,13,2,2,9,2
22,Matchweek 11,Leeds United,Arsenal,A,0,3,0,1,16,9,4,4,10,11,0,2,6,3
22,Matchweek 11,Fulham,Bournemouth,D,1,1,2,2,19,10,4,6,9,11,2,0,5,6
22,Matchweek 11,Brentford,Brighton and Hove Albion,H,3,0,2,0,7,21,3,7,12,15,3,1,2,11
22,Matchweek 11,Aston Villa,Chelsea,A,0,3,0,2,18,8,7,4,12,11,0,3,7,1
22,Matchweek 10,West Ham United,Fulham,H,3,0,3,1,17,8,8,2,9,7,1,3,4,2
22,Matchweek 10,Nottingham Forest,Aston Villa,D,1,1,1,1,6,12,3,2,13,19,3,3,1,4
22,Matchweek 10,Newcastle United,Brentford,H,3,0,5,1,16,6,6,3,14,9,0,1,9,5
22,Matchweek 10,Manchester City,Southampton,H,3,0,4,0,21,5,8,0,4,8,0,1,9,1
22,Matchweek 10,Everton,Manchester United,A,0,3,1,2,11,12,2,4,7,13,2,1,5,4
22,Matchweek 10,Crystal Palace,Leeds United,H,3,0,2,1,13,10,5,4,13,23,3,3,5,3
22,Matchweek 10,Chelsea,Wolverhampton Wanderers,H,3,0,3,0,20,8,7,2,8,8,2,0,4,2
22,Matchweek 10,Brighton and Hove Albion,Tottenham Hotspur,A,0,3,0,1,14,8,4,3,9,14,1,2,6,2
22,Matchweek 10,Bournemouth,Leicester City,H,3,0,2,1,10,9,4,5,8,16,1,2,7,2
22,Matchweek 10,Arsenal,Liverpool,H,3,0,3,2,11,8,7,3,11,11,1,2,4,3
22,Matchweek 9,West Ham United,Wolverhampton Wanderers,H,3,0,2,0,18,15,5,4,8,6,2,2,1,6
22,Matchweek 9,Southampton,Everton,A,0,3,1,2,22,12,6,5,11,10,2,2,7,6
22,Matchweek 9,Manchester City,Manchester United,H,3,0,6,3,22,12,10,8,3,9,0,3,5,1
22,Matchweek 9,Liverpool,Brighton and Hove Albion,D,1,1,3,3,15,6,7,6,9,13,1,1,9,2
22,Matchweek 9,Leicester City,Nottingham Forest,H,3,0,4,0,17,10,7,3,13,12,2,4,6,6
22,Matchweek 9,Leeds United,Aston Villa,D,1,1,0,0,6,19,1,7,23,12,3,2,2,9
22,Matchweek 9,Fulham,Newcastle United,A,0,3,1,4,3,770,1,19,9,10,2,0,1,7
22,Matchweek 9,Crystal Palace,Chelsea,A,0,3,1,2,7,13,3,3,11,13,1,3,5,2
22,Matchweek 9,Bournemouth,Brentford,D,1,1,0,0,7,13,1,4,11,10,1,2,7,8
22,Matchweek 9,Arsenal,Tottenham Hotspur,H,3,0,3,1,22,7,9,3,10,10,2,1,5,2
22,Matchweek 8,Wolverhampton Wanderers,Manchester City,A,0,3,0,3,6,16,1,7,7,9,2,1,5,7
22,Matchweek 8,Tottenham Hotspur,Leicester City,H,3,0,6,2,16,19,11,7,9,9,1,2,6,1
22,Matchweek 8,Nottingham Forest,Fulham,A,0,3,2,3,11,15,3,7,11,10,2,4,2,10
22,Matchweek 8,Newcastle United,Bournemouth,D,1,1,1,1,20,10,7,3,10,11,2,2,8,1
22,Matchweek 8,Everton,West Ham United,H,3,0,1,0,7,14,2,4,8,11,3,1,5,14
22,Matchweek 8,Brentford,Arsenal,A,0,3,0,3,5,13,2,7,10,10,0,2,3,3
22,Matchweek 8,Aston Villa,Southampton,H,3,0,1,0,11,7,3,1,13,13,3,1,6,3
22,Matchweek 20,Manchester City,Tottenham Hotspur,H,3,0,4,2,16,9,6,3,10,14,1,2,8,3
22,Matchweek 19,Fulham,Chelsea,H,3,0,2,1,8,20,3,10,12,16,4,3,5,7
22,Matchweek 20,Crystal Palace,Manchester United,D,1,1,1,1,10,15,5,4,9,10,1,2,3,3
22,Matchweek 6,Wolverhampton Wanderers,Southampton,H,3,0,1,0,7,12,2,1,10,14,4,2,5,6
22,Matchweek 6,Tottenham Hotspur,Fulham,H,3,0,2,1,23,9,10,3,9,6,3,4,10,3
22,Matchweek 6,Nottingham Forest,Bournemouth,A,0,3,2,3,11,8,3,3,13,10,2,1,4,6
22,Matchweek 6,Newcastle United,Crystal Palace,D,1,1,0,0,23,19,6,9,19,12,2,2,13,5
22,Matchweek 6,Manchester United,Arsenal,H,3,0,3,1,10,16,6,3,13,9,3,3,2,5
22,Matchweek 6,Everton,Liverpool,D,1,1,0,0,14,23,3,8,7,11,2,2,7,9
22,Matchweek 6,Chelsea,West Ham United,H,3,0,2,1,8,6,3,3,6,11,4,2,10,3
22,Matchweek 6,Brighton and Hove Albion,Leicester City,H,3,0,5,2,23,6,11,4,6,8,1,1,10,1
22,Matchweek 6,Brentford,Leeds United,H,3,0,5,2,14,17,8,6,8,9,2,2,2,6
22,Matchweek 6,Aston Villa,Manchester City,D,1,1,1,1,3,13,1,4,7,6,2,0,1,4
22,Matchweek 5,Southampton,Chelsea,H,3,0,2,1,9,10,7,4,15,10,2,1,5,3
22,Matchweek 5,Manchester City,Nottingham Forest,H,3,0,6,0,17,8,9,1,9,7,0,1,10,1
22,Matchweek 5,Liverpool,Newcastle United,H,3,0,2,1,23,5,6,2,9,10,0,2,13,0
22,Matchweek 5,West Ham United,Tottenham Hotspur,D,1,1,1,1,14,12,4,3,10,10,2,5,3,4
22,Matchweek 5,Leicester City,Manchester United,A,0,3,0,1,10,9,2,2,7,15,1,3,1,3
22,Matchweek 5,Leeds United,Everton,D,1,1,1,1,14,7,5,2,10,9,3,3,10,2
22,Matchweek 5,Fulham,Brighton and Hove Albion,H,3,0,2,1,10,7,3,4,9,11,2,1,3,3
22,Matchweek 5,Crystal Palace,Brentford,D,1,1,1,1,13,9,4,3,11,8,1,2,4,6
22,Matchweek 5,Bournemouth,Wolverhampton Wanderers,D,1,1,0,0,5,17,2,4,12,12,2,1,2,5
22,Matchweek 5,Arsenal,Aston Villa,H,3,0,2,1,22,4,9,3,10,14,2,3,10,3
22,Matchweek 4,Wolverhampton Wanderers,Newcastle United,D,1,1,1,1,10,21,4,6,10,11,2,1,4,13
22,Matchweek 4,Southampton,Manchester United,A,0,3,0,1,17,11,5,6,4,14,0,3,5,3
22,Matchweek 4,Nottingham Forest,Tottenham Hotspur,A,0,3,0,2,17,18,1,7,11,13,6,1,6,1
22,Matchweek 4,Manchester City,Crystal Palace,H,3,0,4,2,18,2,5,2,14,8,1,2,6,1
22,Matchweek 4,Liverpool,Bournemouth,H,3,0,9,0,19,5,12,2,6,5,0,1,8,1
22,Matchweek 4,Chelsea,Leicester City,H,3,0,2,1,7,17,4,5,10,7,1,2,3,11
22,Matchweek 4,Brighton and Hove Albion,Leeds United,H,3,0,1,0,13,10,4,2,10,14,2,3,5,3
22,Matchweek 4,Brentford,Everton,D,1,1,1,1,20,14,5,7,8,8,2,2,8,5
22,Matchweek 4,Aston Villa,West Ham United,A,0,3,0,1,9,7,3,2,10,10,2,0,3,2
22,Matchweek 4,Arsenal,Fulham,H,3,0,2,1,22,11,8,3,6,12,2,3,9,2
22,Matchweek 3,West Ham United,Brighton and Hove Albion,A,0,3,0,2,13,11,3,2,10,7,2,0,5,4
22,Matchweek 3,Tottenham Hotspur,Wolverhampton Wanderers,H,3,0,1,0,11,20,4,3,10,8,2,2,8,6
22,Matchweek 3,Newcastle United,Manchester City,D,1,1,3,3,12,21,6,10,14,7,4,2,5,5
22,Matchweek 3,Manchester United,Liverpool,H,3,0,2,1,13,17,5,5,11,7,3,1,6,8
22,Matchweek 3,Leicester City,Southampton,A,0,3,1,2,6,9,1,3,11,15,2,3,2,5
22,Matchweek 3,Leeds United,Chelsea,H,3,0,3,0,12,14,6,3,16,15,0,1,4,6
22,Matchweek 3,Fulham,Brentford,H,3,0,3,2,18,13,9,5,13,7,3,2,6,3
22,Matchweek 3,Everton,Nottingham Forest,D,1,1,1,1,19,14,8,5,6,9,3,2,6,2
22,Matchweek 3,Crystal Palace,Aston Villa,H,3,0,3,1,17,13,9,5,16,14,2,1,4,2
22,Matchweek 3,Bournemouth,Arsenal,A,0,3,0,3,6,14,1,6,12,10,2,1,3,4
22,Matchweek 2,Wolverhampton Wanderers,Fulham,D,1,1,0,0,7,9,1,3,7,14,3,3,5,3
22,Matchweek 2,Southampton,Leeds United,D,1,1,2,2,14,13,4,5,10,12,1,3,2,5
22,Matchweek 2,Nottingham Forest,West Ham United,H,3,0,1,0,13,19,6,5,10,11,4,1,6,7
22,Matchweek 2,Manchester City,Bournemouth,H,3,0,4,0,19,3,7,1,9,9,0,3,11,1
22,Matchweek 2,Liverpool,Crystal Palace,D,1,1,1,1,24,7,4,3,7,8,2,4,4,2
22,Matchweek 2,Chelsea,Tottenham Hotspur,D,1,1,2,2,16,10,3,5,9,9,3,0,8,5
22,Matchweek 2,Brighton and Hove Albion,Newcastle United,D,1,1,0,0,13,4,7,1,8,6,2,3,7,3
22,Matchweek 2,Brentford,Manchester United,H,3,0,4,0,13,15,7,4,6,15,0,4,8,2
22,Matchweek 2,Aston Villa,Everton,H,3,0,2,1,12,15,4,4,9,7,4,1,5,8
22,Matchweek 2,Arsenal,Leicester City,H,3,0,4,2,19,6,7,2,15,9,1,1,6,2
22,Matchweek 1,West Ham United,Manchester City,A,0,3,0,2,6,14,1,2,8,4,0,1,1,4
22,Matchweek 1,Manchester United,Brighton and Hove Albion,A,0,3,1,2,17,15,5,4,7,12,4,1,6,2
22,Matchweek 1,Tottenham Hotspur,Southampton,H,3,0,4,1,18,10,8,2,11,6,3,0,10,2
22,Matchweek 1,Newcastle United,Nottingham Forest,H,3,0,2,0,23,5,10,0,9,14,0,3,11,1
22,Matchweek 1,Leicester City,Brentford,D,1,1,2,2,14,8,5,3,,,6,5,5,6
22,Matchweek 1,Leeds United,Wolverhampton Wanderers,H,3,0,2,1,12,15,4,6,13,9,2,0,6,4
22,Matchweek 1,Fulham,Liverpool,D,1,1,2,2,9,11,3,4,7,9,2,0,4,4
22,Matchweek 1,Everton,Chelsea,A,0,3,0,1,8,15,4,6,14,11,3,2,4,16
22,Matchweek 1,Bournemouth,Aston Villa,H,3,0,2,0,7,15,3,2,18,16,3,3,5,5
22,Matchweek 1,Crystal Palace,Arsenal,A,0,3,0,2,10,10,2,2,16,11,1,2,3,5
21,22/05/2022,Norwich City,Tottenham Hotspur,A,0,3,0,5,9,19,0,13,13,7,3,1,3,2
21,22/05/2022,Manchester City,Aston Villa,H,3,0,3,2,24,4,5,2,5,11,0,1,13,1
21,22/05/2022,Liverpool,Wolverhampton Wanderers,H,3,0,3,1,29,7,8,5,6,3,1,0,5,3
21,22/05/2022,Leicester City,Southampton,H,3,0,4,1,12,7,6,2,10,5,0,1,3,3
21,22/05/2022,Crystal Palace,Manchester United,H,3,0,1,0,6,10,3,4,12,22,2,4,3,6
21,22/05/2022,Chelsea,Watford,H,3,0,2,1,19,8,8,3,9,9,0,0,3,3
21,22/05/2022,Burnley,Newcastle United,A,0,3,1,2,12,8,5,6,8,9,1,0,8,2
21,22/05/2022,Brighton and Hove Albion,West Ham United,H,3,0,3,1,18,7,7,2,9,9,1,1,5,6
21,22/05/2022,Brentford,Leeds United,A,0,3,1,2,14,14,5,6,11,13,2,1,3,2
21,22/05/2022,Arsenal,Everton,H,3,0,5,1,26,6,9,2,8,9,0,1,12,2
21,19/05/2022,Chelsea,Leicester City,D,1,1,1,1,20,2,7,1,13,7,4,1,6,0
21,19/05/2022,Aston Villa,Burnley,D,1,1,1,1,22,10,9,5,11,20,0,1,13,6
21,19/05/2022,Everton,Crystal Palace,H,3,0,3,2,12,7,6,5,9,13,2,3,4,5
21,17/05/2022,Southampton,Liverpool,A,0,3,1,2,4,24,2,5,6,6,2,0,1,9
21,16/05/2022,Newcastle United,Arsenal,H,3,0,2,0,16,11,4,2,11,8,0,3,12,8
21,15/05/2022,Everton,Brentford,A,0,3,2,3,10,18,5,7,8,8,0,3,5,2
21,15/05/2022,Wolverhampton Wanderers,Norwich City,D,1,1,1,1,17,11,4,2,5,10,0,3,5,3
21,15/05/2022,West Ham United,Manchester City,D,1,1,2,2,6,31,2,8,9,5,3,1,4,9
21,15/05/2022,Watford,Leicester City,A,0,3,1,5,13,13,5,7,4,6,0,1,7,3
21,15/05/2022,Leeds United,Brighton and Hove Albion,D,1,1,1,1,19,16,5,6,16,8,3,2,8,1
21,15/05/2022,Aston Villa,Crystal Palace,D,1,1,1,1,13,16,4,4,11,15,1,3,1,5
21,15/05/2022,Tottenham Hotspur,Burnley,H,3,0,1,0,21,8,8,1,12,8,3,2,8,2
21,12/05/2022,Tottenham Hotspur,Arsenal,H,3,0,3,0,16,8,6,4,8,15,1,3,2,2
21,11/05/2022,Wolverhampton Wanderers,Manchester City,A,0,3,1,5,7,16,3,5,2,10,0,1,6,2
21,11/05/2022,Watford,Everton,D,1,1,0,0,6,16,0,5,5,12,1,2,1,13
21,11/05/2022,Leicester City,Norwich City,H,3,0,3,0,20,9,8,5,10,5,0,0,10,2
21,11/05/2022,Leeds United,Chelsea,A,0,3,0,3,5,17,0,4,10,14,1,0,1,5
21,10/05/2022,Aston Villa,Liverpool,A,0,3,1,2,9,17,4,6,10,12,0,0,2,3
21,08/05/2022,Manchester City,Newcastle United,H,3,0,5,0,21,7,9,3,6,11,1,3,8,2
21,08/05/2022,Norwich City,West Ham United,A,0,3,0,4,8,13,2,5,7,7,1,1,9,5
21,08/05/2022,Leicester City,Everton,A,0,3,1,2,16,10,9,4,11,6,3,0,6,1
21,08/05/2022,Arsenal,Leeds United,H,3,0,2,1,19,3,9,2,13,15,2,2,8,2
21,07/05/2022,Liverpool,Tottenham Hotspur,D,1,1,1,1,22,8,3,3,12,8,3,2,11,5
21,07/05/2022,Brighton and Hove Albion,Manchester United,H,3,0,4,0,17,15,6,5,13,9,0,2,7,6
21,07/05/2022,Crystal Palace,Watford,H,3,0,1,0,15,6,7,1,11,18,2,1,8,5
21,07/05/2022,Chelsea,Wolverhampton Wanderers,D,1,1,2,2,19,14,6,4,7,11,1,3,9,3
21,07/05/2022,Burnley,Aston Villa,A,0,3,1,3,14,12,6,7,13,11,1,2,4,5
21,07/05/2022,Brentford,Southampton,H,3,0,3,0,18,19,5,4,12,9,0,1,4,7
21,02/05/2022,Manchester United,Brentford,H,3,0,3,0,9,12,5,4,4,6,1,0,3,8
21,01/05/2022,West Ham United,Arsenal,A,0,3,1,2,8,13,3,7,8,9,2,2,3,7
21,01/05/2022,Tottenham Hotspur,Leicester City,H,3,0,3,1,13,6,7,2,13,8,2,3,7,3
21,01/05/2022,Everton,Chelsea,H,3,0,1,0,9,17,4,5,9,12,3,5,3,8
21,30/04/2022,Leeds United,Manchester City,A,0,3,0,4,7,19,2,6,13,3,1,2,3,6
21,30/04/2022,Wolverhampton Wanderers,Brighton and Hove Albion,A,0,3,0,3,11,17,1,9,6,4,2,1,7,3
21,30/04/2022,Watford,Burnley,A,0,3,1,2,13,17,1,6,13,9,1,2,5,6
21,30/04/2022,Southampton,Crystal Palace,A,0,3,1,2,8,14,3,5,13,11,1,3,6,7
21,30/04/2022,Aston Villa,Norwich City,H,3,0,2,0,21,9,6,3,16,8,4,1,2,3
21,30/04/2022,Newcastle United,Liverpool,A,0,3,0,1,4,24,2,10,11,11,1,3,0,6
21,28/04/2022,Manchester United,Chelsea,D,1,1,1,1,6,21,3,6,9,12,0,1,2,9
21,25/04/2022,Crystal Palace,Leeds United,D,1,1,0,0,17,9,7,2,12,13,2,2,6,3
21,24/04/2022,Liverpool,Everton,H,3,0,2,0,18,9,4,1,8,8,2,5,13,1
21,24/04/2022,Chelsea,West Ham United,H,3,0,1,0,26,6,5,2,11,9,1,0,3,1
21,24/04/2022,Burnley,Wolverhampton Wanderers,H,3,0,1,0,14,10,5,4,8,7,3,1,3,6
21,24/04/2022,Brighton and Hove Albion,Southampton,D,1,1,2,2,8,18,5,5,12,7,1,0,6,6
21,23/04/2022,Brentford,Tottenham Hotspur,D,1,1,0,0,15,9,2,0,8,7,2,1,12,8
21,23/04/2022,Norwich City,Newcastle United,A,0,3,0,3,5,13,2,7,11,10,0,2,2,3
21,23/04/2022,Manchester City,Watford,H,3,0,5,1,21,5,8,2,9,7,1,0,11,4
21,23/04/2022,Leicester City,Aston Villa,D,1,1,0,0,5,11,2,3,15,16,3,2,7,6
21,23/04/2022,Arsenal,Manchester United,H,3,0,3,1,14,14,7,5,9,12,3,4,1,7
21,21/04/2022,Burnley,Southampton,H,3,0,2,0,16,11,6,3,7,7,2,2,10,10
21,20/04/2022,Manchester City,Brighton and Hove Albion,H,3,0,3,0,17,2,5,1,12,7,0,3,7,4
21,20/04/2022,Newcastle United,Crystal Palace,H,3,0,1,0,13,10,4,2,12,12,1,1,2,5
21,20/04/2022,Everton,Leicester City,D,1,1,1,1,13,11,3,3,8,17,3,1,5,4
21,20/04/2022,Chelsea,Arsenal,A,0,3,2,4,11,14,2,4,7,6,3,1,6,1
21,19/04/2022,Liverpool,Manchester United,H,3,0,4,0,14,2,5,1,3,6,1,2,10,2
21,17/04/2022,West Ham United,Burnley,D,1,1,1,1,21,9,8,1,9,10,2,2,13,4
21,17/04/2022,Newcastle United,Leicester City,H,3,0,2,1,16,8,7,2,10,10,2,2,3,5
21,16/04/2022,Watford,Brentford,A,0,3,1,2,17,16,4,5,11,9,2,1,6,5
21,16/04/2022,Southampton,Arsenal,H,3,0,1,0,9,23,3,6,6,6,2,1,6,8
21,16/04/2022,Manchester United,Norwich City,H,3,0,3,2,20,15,9,4,7,6,0,0,6,7
21,16/04/2022,Tottenham Hotspur,Brighton and Hove Albion,A,0,3,0,1,5,12,0,5,14,10,3,3,4,4
21,10/04/2022,Manchester City,Liverpool,D,1,1,2,2,11,6,5,4,9,11,1,4,4,1
21,10/04/2022,Norwich City,Burnley,H,3,0,2,0,17,18,6,4,12,10,1,1,6,7
21,10/04/2022,Leicester City,Crystal Palace,H,3,0,2,1,12,11,3,3,11,12,1,1,3,4
21,10/04/2022,Brentford,West Ham United,H,3,0,2,0,15,5,7,1,2,6,0,1,4,6
21,09/04/2022,Aston Villa,Tottenham Hotspur,A,0,3,0,4,9,11,8,5,12,14,2,3,9,3
21,09/04/2022,Watford,Leeds United,A,0,3,0,3,8,10,1,5,8,12,2,0,3,8
21,09/04/2022,Southampton,Chelsea,A,0,3,0,6,4,24,1,14,11,10,1,0,3,3
21,09/04/2022,Arsenal,Brighton and Hove Albion,A,0,3,1,2,20,8,4,3,12,19,3,4,11,2
21,09/04/2022,Everton,Manchester United,H,3,0,1,0,7,12,3,4,4,10,2,2,5,7
21,08/04/2022,Newcastle United,Wolverhampton Wanderers,H,3,0,1,0,12,5,4,2,6,13,1,1,1,2
21,06/04/2022,Burnley,Everton,H,3,0,3,2,13,16,4,4,11,16,2,2,9,6
21,04/04/2022,Crystal Palace,Arsenal,H,3,0,3,0,6,12,5,3,11,15,0,2,0,2
21,03/04/2022,Tottenham Hotspur,Newcastle United,H,3,0,5,1,19,8,6,1,10,7,2,3,2,3
21,03/04/2022,West Ham United,Everton,H,3,0,2,1,11,13,5,2,9,12,1,1,2,4
21,02/04/2022,Manchester United,Leicester City,D,1,1,1,1,11,11,5,3,13,6,2,2,6,5
21,02/04/2022,Wolverhampton Wanderers,Aston Villa,H,3,0,2,1,11,15,5,5,15,8,4,3,4,9
21,02/04/2022,Leeds United,Southampton,D,1,1,1,1,12,14,3,6,14,7,1,1,4,7
21,02/04/2022,Chelsea,Brentford,A,0,3,1,4,21,17,8,6,11,7,0,0,12,7
21,02/04/2022,Burnley,Manchester City,A,0,3,0,2,3,18,1,6,11,6,1,0,1,8
21,02/04/2022,Brighton and Hove Albion,Norwich City,D,1,1,0,0,31,6,4,0,12,11,1,1,11,2
21,02/04/2022,Liverpool,Watford,H,3,0,2,0,20,5,3,2,9,8,1,1,9,3
21,20/03/2022,Tottenham Hotspur,West Ham United,H,3,0,3,1,17,6,4,1,7,7,0,1,5,3
21,20/03/2022,Leicester City,Brentford,H,3,0,2,1,12,15,4,6,10,10,1,2,2,5
21,19/03/2022,Aston Villa,Arsenal,A,0,3,0,1,8,10,1,3,13,14,3,3,6,5
21,18/03/2022,Wolverhampton Wanderers,Leeds United,A,0,3,2,3,14,15,8,6,13,14,1,4,2,5
21,17/03/2022,Everton,Newcastle United,H,3,0,1,0,9,17,3,6,13,11,2,1,5,7
21,16/03/2022,Arsenal,Liverpool,A,0,3,0,2,9,9,2,3,9,9,0,1,1,6
21,16/03/2022,Brighton and Hove Albion,Tottenham Hotspur,A,0,3,0,2,15,17,0,7,11,9,2,2,6,3
21,14/03/2022,Crystal Palace,Manchester City,D,1,1,0,0,7,18,1,4,6,11,3,1,2,6
21,13/03/2022,Arsenal,Leicester City,H,3,0,2,0,21,6,8,3,8,10,0,3,2,6
21,13/03/2022,West Ham United,Aston Villa,H,3,0,2,1,11,13,4,7,9,3,1,0,5,7
21,13/03/2022,Southampton,Watford,A,0,3,1,2,13,9,7,5,8,12,3,2,11,3
21,13/03/2022,Leeds United,Norwich City,H,3,0,2,1,13,12,7,4,18,8,3,1,6,2
21,13/03/2022,Everton,Wolverhampton Wanderers,A,0,3,0,1,8,14,2,3,13,11,2,1,5,2
21,13/03/2022,Chelsea,Newcastle United,H,3,0,1,0,8,7,3,2,17,16,4,3,7,2
21,12/03/2022,Manchester United,Tottenham Hotspur,H,3,0,3,2,10,10,6,3,8,7,2,1,4,5
21,12/03/2022,Brentford,Burnley,H,3,0,2,0,13,7,4,1,6,10,1,1,2,9
21,12/03/2022,Brighton and Hove Albion,Liverpool,A,0,3,0,2,8,18,3,9,12,15,3,1,7,6
21,10/03/2022,Leeds United,Aston Villa,A,0,3,0,3,4,15,1,9,17,11,5,3,3,5
21,10/03/2022,Wolverhampton Wanderers,Watford,H,3,0,4,0,10,9,5,0,11,10,2,2,5,2
21,10/03/2022,Southampton,Newcastle United,A,0,3,1,2,14,8,5,4,6,7,1,1,12,5
21,10/03/2022,Norwich City,Chelsea,A,0,3,1,3,9,15,3,7,8,15,0,2,3,8
21,07/03/2022,Tottenham Hotspur,Everton,H,3,0,5,0,14,6,7,0,15,10,2,0,5,2
21,06/03/2022,Manchester City,Manchester United,H,3,0,4,1,24,5,10,2,10,14,0,1,9,3
21,06/03/2022,Watford,Arsenal,A,0,3,2,3,13,16,7,4,5,11,1,2,1,5
21,05/03/2022,Liverpool,West Ham United,H,3,0,1,0,22,13,5,5,7,7,2,1,4,6
21,05/03/2022,Wolverhampton Wanderers,Crystal Palace,A,0,3,0,2,12,12,5,8,13,8,0,3,7,7
21,05/03/2022,Norwich City,Brentford,A,0,3,1,3,15,10,7,6,13,18,2,5,5,5
21,05/03/2022,Newcastle United,Brighton and Hove Albion,H,3,0,2,1,10,15,4,4,8,10,1,1,4,7
21,05/03/2022,Burnley,Chelsea,A,0,3,0,4,6,11,1,5,12,7,2,0,5,2
21,05/03/2022,Aston Villa,Southampton,H,3,0,4,0,14,11,9,1,10,8,1,1,4,7
21,05/03/2022,Leicester City,Leeds United,H,3,0,1,0,7,19,4,4,9,12,1,2,5,10
21,01/03/2022,Burnley,Leicester City,A,0,3,0,2,9,22,2,6,10,13,1,1,6,8
21,27/02/2022,West Ham United,Wolverhampton Wanderers,H,3,0,1,0,13,14,4,1,8,2,1,0,3,5
21,26/02/2022,Everton,Manchester City,A,0,3,0,1,6,13,2,8,7,14,3,2,3,4
21,26/02/2022,Brighton and Hove Albion,Aston Villa,A,0,3,0,2,12,9,1,4,17,11,4,5,7,2
21,26/02/2022,Manchester United,Watford,D,1,1,0,0,22,10,3,2,2,7,0,0,4,3
21,26/02/2022,Crystal Palace,Burnley,D,1,1,1,1,11,5,4,1,5,17,0,2,5,4
21,26/02/2022,Brentford,Newcastle United,A,0,3,0,2,6,26,1,11,9,7,3,1,6,6
21,26/02/2022,Leeds United,Tottenham Hotspur,A,0,3,0,4,19,15,3,11,16,11,4,2,3,6
21,25/02/2022,Southampton,Norwich City,H,3,0,2,0,27,8,9,1,12,9,1,2,13,6
21,24/02/2022,Arsenal,Wolverhampton Wanderers,H,3,0,2,1,26,6,5,2,8,9,1,1,5,4
21,23/02/2022,Liverpool,Leeds United,H,3,0,6,0,23,3,15,2,5,11,0,3,4,0
21,23/02/2022,Watford,Crystal Palace,A,0,3,1,4,8,7,1,5,12,9,2,1,6,4
21,23/02/2022,Burnley,Tottenham Hotspur,H,3,0,1,0,15,12,4,2,8,8,0,0,3,7
21,20/02/2022,Wolverhampton Wanderers,Leicester City,H,3,0,2,1,11,17,3,7,12,9,4,4,7,10
21,20/02/2022,Leeds United,Manchester United,A,0,3,2,4,16,15,6,9,13,19,6,3,3,3
21,19/02/2022,Manchester City,Tottenham Hotspur,A,0,3,2,3,21,6,4,5,5,7,0,3,10,0
21,19/02/2022,Southampton,Everton,H,3,0,2,0,19,9,11,0,6,9,0,2,4,4
21,19/02/2022,Liverpool,Norwich City,H,3,0,3,1,29,6,8,1,7,8,0,1,9,4
21,19/02/2022,Crystal Palace,Chelsea,A,0,3,0,1,7,9,0,3,4,20,1,3,4,4
21,19/02/2022,Brighton and Hove Albion,Burnley,A,0,3,0,3,11,10,1,4,12,12,1,4,4,4
21,19/02/2022,Aston Villa,Watford,A,0,3,0,1,20,8,1,4,12,7,1,2,10,5
21,19/02/2022,Arsenal,Brentford,H,3,0,2,1,24,6,8,2,10,5,1,1,14,0
21,19/02/2022,West Ham United,Newcastle United,D,1,1,1,1,11,14,3,3,3,7,3,3,3,7
21,15/02/2022,Manchester United,Brighton and Hove Albion,H,3,0,2,0,19,10,7,3,8,10,3,1,10,2
21,13/02/2022,Leicester City,West Ham United,D,1,1,2,2,13,8,2,3,10,9,1,2,5,4
21,13/02/2022,Tottenham Hotspur,Wolverhampton Wanderers,A,0,3,0,2,17,11,7,7,13,13,3,1,7,3
21,13/02/2022,Newcastle United,Aston Villa,H,3,0,1,0,10,11,2,1,22,15,3,4,3,6
21,13/02/2022,Burnley,Liverpool,A,0,3,0,1,8,12,5,4,7,6,0,1,5,8
21,12/02/2022,Norwich City,Manchester City,A,0,3,0,4,8,22,3,9,7,8,0,2,4,12
21,12/02/2022,Watford,Brighton and Hove Albion,A,0,3,0,2,9,11,1,6,16,9,3,2,4,5
21,12/02/2022,Everton,Leeds United,H,3,0,3,0,21,7,10,0,8,9,1,1,5,3
21,12/02/2022,Brentford,Crystal Palace,D,1,1,0,0,9,6,2,3,10,10,1,0,3,9
21,12/02/2022,Manchester United,Southampton,D,1,1,1,1,12,13,8,4,12,13,4,0,1,4
21,10/02/2022,Wolverhampton Wanderers,Arsenal,A,0,3,0,1,15,12,4,2,12,13,2,3,7,4
21,10/02/2022,Liverpool,Leicester City,H,3,0,2,0,22,5,11,1,11,7,1,0,7,6
21,09/02/2022,Aston Villa,Leeds United,D,1,1,3,3,12,16,4,8,11,9,1,3,6,11
21,09/02/2022,Tottenham Hotspur,Southampton,A,0,3,2,3,8,23,3,10,7,13,2,3,2,8
21,09/02/2022,Norwich City,Crystal Palace,D,1,1,1,1,5,13,1,5,11,15,1,2,4,6
21,09/02/2022,Manchester City,Brentford,H,3,0,2,0,15,6,7,2,7,13,0,0,9,3
21,08/02/2022,Burnley,Manchester United,D,1,1,1,1,9,22,3,5,11,10,2,1,2,10
21,08/02/2022,West Ham United,Watford,H,3,0,1,0,9,6,3,1,1,6,1,0,5,6
21,08/02/2022,Newcastle United,Everton,H,3,0,3,1,20,11,9,3,13,13,2,3,6,2
21,05/02/2022,Burnley,Watford,D,1,1,0,0,13,11,2,5,16,9,1,2,4,7
21,23/01/2022,Chelsea,Tottenham Hotspur,H,3,0,2,0,15,6,7,3,17,14,2,1,10,3
21,23/01/2022,Leicester City,Brighton and Hove Albion,D,1,1,1,1,15,14,5,5,6,8,0,1,4,5
21,23/01/2022,Crystal Palace,Liverpool,A,0,3,1,3,8,15,5,7,12,10,4,1,2,5
21,23/01/2022,Arsenal,Burnley,D,1,1,0,0,20,10,5,1,9,13,0,2,12,4
21,22/01/2022,Southampton,Manchester City,D,1,1,1,1,7,20,3,5,13,5,3,0,2,11
21,22/01/2022,Manchester United,West Ham United,H,3,0,1,0,18,6,3,1,9,8,1,1,3,3
21,22/01/2022,Leeds United,Newcastle United,A,0,3,0,1,13,15,4,3,9,9,4,2,6,7
21,22/01/2022,Brentford,Wolverhampton Wanderers,A,0,3,1,2,11,7,1,2,6,7,2,3,6,3
21,22/01/2022,Everton,Aston Villa,A,0,3,0,1,15,8,1,3,14,16,5,3,9,2
21,21/01/2022,Watford,Norwich City,A,0,3,0,3,15,7,4,2,16,11,0,1,5,1
21,19/01/2022,Brentford,Manchester United,A,0,3,1,3,18,13,8,5,7,9,0,0,6,9
21,19/01/2022,Leicester City,Tottenham Hotspur,A,0,3,2,3,14,27,4,10,6,12,1,2,3,8
21,18/01/2022,Brighton and Hove Albion,Chelsea,D,1,1,1,1,10,15,2,3,8,5,1,2,5,7
21,16/01/2022,West Ham United,Leeds United,A,0,3,2,3,15,18,5,5,6,9,3,2,4,3
21,16/01/2022,Liverpool,Brentford,H,3,0,3,0,27,6,13,1,6,6,0,1,9,0
21,15/01/2022,Aston Villa,Manchester United,D,1,1,2,2,13,13,9,6,8,13,1,2,3,6
21,15/01/2022,Wolverhampton Wanderers,Southampton,H,3,0,3,1,9,13,5,10,13,14,2,3,2,10
21,15/01/2022,Norwich City,Everton,H,3,0,2,1,14,12,3,5,12,14,3,1,8,8
21,15/01/2022,Newcastle United,Watford,D,1,1,1,1,12,18,1,5,13,13,3,2,4,6
21,15/01/2022,Manchester City,Chelsea,H,3,0,1,0,11,4,6,1,11,6,0,2,9,1
21,14/01/2022,Brighton and Hove Albion,Crystal Palace,D,1,1,1,1,19,3,4,1,11,7,0,2,9,0
21,12/01/2022,West Ham United,Norwich City,H,3,0,2,0,13,7,5,3,9,8,0,0,11,2
21,11/01/2022,Southampton,Brentford,H,3,0,4,1,12,5,6,4,9,8,0,1,5,2
21,03/01/2022,Manchester United,Wolverhampton Wanderers,A,0,3,0,1,9,19,2,6,9,8,3,1,3,8
21,02/01/2022,Chelsea,Liverpool,D,1,1,2,2,15,10,6,6,5,13,1,2,6,7
21,02/01/2022,Leeds United,Burnley,H,3,0,3,1,22,8,7,2,11,7,2,1,9,3
21,02/01/2022,Everton,Brighton and Hove Albion,A,0,3,2,3,17,12,6,5,5,12,1,1,8,5
21,02/01/2022,Brentford,Aston Villa,H,3,0,2,1,10,16,4,5,17,11,2,2,3,7
21,01/01/2022,Crystal Palace,West Ham United,A,0,3,2,3,22,10,6,5,6,16,0,2,9,1
21,01/01/2022,Watford,Tottenham Hotspur,A,0,3,0,1,6,21,4,9,6,9,0,1,3,7
21,01/01/2022,Arsenal,Manchester City,A,0,3,1,2,7,15,2,2,13,5,3,2,5,5
21,30/12/2021,Manchester United,Burnley,H,3,0,3,1,18,10,6,3,5,10,0,0,7,5
21,29/12/2021,Brentford,Manchester City,A,0,3,0,1,6,12,2,3,12,10,0,0,3,5
21,29/12/2021,Chelsea,Brighton and Hove Albion,D,1,1,1,1,11,18,5,6,14,7,4,1,10,8
21,28/12/2021,Leicester City,Liverpool,H,3,0,1,0,6,21,1,4,8,11,0,1,1,12
21,28/12/2021,Watford,West Ham United,A,0,3,1,4,14,13,5,6,12,12,0,1,4,5
21,28/12/2021,Southampton,Tottenham Hotspur,D,1,1,1,1,9,21,2,11,15,5,2,2,3,7
21,28/12/2021,Crystal Palace,Norwich City,H,3,0,3,0,19,12,6,3,9,13,1,2,8,8
21,27/12/2021,Newcastle United,Manchester United,D,1,1,1,1,13,13,8,4,11,8,3,3,2,4
21,26/12/2021,Brighton and Hove Albion,Brentford,H,3,0,2,0,15,16,5,6,8,10,1,3,6,9
21,26/12/2021,Aston Villa,Chelsea,A,0,3,1,3,8,10,1,4,8,11,3,1,2,5
21,26/12/2021,West Ham United,Southampton,A,0,3,2,3,11,11,5,6,10,9,2,3,10,2
21,26/12/2021,Tottenham Hotspur,Crystal Palace,H,3,0,3,0,17,4,6,0,16,10,1,1,4,2
21,26/12/2021,Norwich City,Arsenal,A,0,3,0,5,4,16,2,6,13,7,1,2,3,5
21,26/12/2021,Manchester City,Leicester City,H,3,0,6,3,17,14,9,8,11,9,1,2,14,4
21,19/12/2021,Tottenham Hotspur,Liverpool,D,1,1,2,2,10,18,5,6,12,11,4,4,6,4
21,19/12/2021,Wolverhampton Wanderers,Chelsea,D,1,1,0,0,4,8,1,1,9,7,0,2,4,9
21,19/12/2021,Newcastle United,Manchester City,A,0,3,0,4,5,18,1,7,9,6,1,2,3,6
21,18/12/2021,Leeds United,Arsenal,A,0,3,1,4,9,21,2,12,11,7,3,1,1,4
21,16/12/2021,Liverpool,Newcastle United,H,3,0,3,1,23,4,8,2,9,4,1,3,11,0
21,16/12/2021,Chelsea,Everton,D,1,1,1,1,23,5,10,3,11,11,2,3,7,1
21,15/12/2021,Arsenal,West Ham United,H,3,0,2,0,21,7,8,1,8,9,2,0,5,2
21,15/12/2021,Crystal Palace,Southampton,D,1,1,2,2,9,15,6,4,16,20,2,4,4,6
21,15/12/2021,Brighton and Hove Albion,Wolverhampton Wanderers,A,0,3,0,1,12,8,2,5,11,14,2,0,7,4
21,14/12/2021,Manchester City,Leeds United,H,3,0,7,0,31,6,15,3,5,9,1,1,6,2
21,14/12/2021,Norwich City,Aston Villa,A,0,3,0,2,7,17,3,6,12,9,3,1,7,10
21,12/12/2021,Crystal Palace,Everton,H,3,0,3,1,17,12,6,6,15,14,0,2,8,2
21,12/12/2021,Leicester City,Newcastle United,H,3,0,4,0,8,12,5,3,9,16,2,3,4,6
21,12/12/2021,Burnley,West Ham United,D,1,1,0,0,9,16,1,3,13,11,2,1,6,4
21,11/12/2021,Norwich City,Manchester United,A,0,3,0,1,11,13,5,5,6,17,1,1,8,6
21,11/12/2021,Liverpool,Aston Villa,H,3,0,1,0,20,4,5,0,13,6,1,2,11,3
21,11/12/2021,Chelsea,Leeds United,H,3,0,3,2,16,12,6,5,9,15,2,5,5,2
21,11/12/2021,Arsenal,Southampton,H,3,0,3,0,15,11,5,6,5,9,2,0,9,8
21,11/12/2021,Manchester City,Wolverhampton Wanderers,H,3,0,1,0,24,2,10,1,12,5,3,2,14,1
21,10/12/2021,Brentford,Watford,H,3,0,2,1,14,6,5,2,12,18,4,0,8,2
21,06/12/2021,Everton,Arsenal,H,3,0,2,1,11,10,5,3,8,12,2,2,3,3
21,05/12/2021,Aston Villa,Leicester City,H,3,0,2,1,13,12,4,5,8,25,1,1,3,6
21,05/12/2021,Tottenham Hotspur,Norwich City,H,3,0,3,0,17,10,7,1,11,4,1,2,6,4
21,05/12/2021,Manchester United,Crystal Palace,H,3,0,1,0,16,8,3,2,16,9,2,2,9,6
21,05/12/2021,Leeds United,Brentford,D,1,1,2,2,13,9,6,3,11,9,5,3,5,1
21,04/12/2021,Watford,Manchester City,A,0,3,1,3,11,26,4,13,10,7,3,0,5,11
21,04/12/2021,Wolverhampton Wanderers,Liverpool,A,0,3,0,1,3,17,1,5,4,7,2,2,2,8
21,04/12/2021,Southampton,Brighton and Hove Albion,D,1,1,1,1,14,14,4,4,15,12,4,2,6,2
21,04/12/2021,Newcastle United,Burnley,H,3,0,1,0,19,10,4,1,11,9,1,1,10,3
21,04/12/2021,West Ham United,Chelsea,H,3,0,3,2,11,19,5,7,10,10,1,3,1,9
21,02/12/2021,Manchester United,Arsenal,H,3,0,3,2,14,17,10,8,9,10,1,0,3,8
21,02/12/2021,Tottenham Hotspur,Brentford,H,3,0,2,0,11,6,6,2,13,11,0,0,11,5
21,01/12/2021,Everton,Liverpool,A,0,3,1,4,8,16,2,7,8,16,4,3,3,11
21,01/12/2021,Aston Villa,Manchester City,A,0,3,1,2,9,17,3,7,8,12,0,0,4,11
21,01/12/2021,Wolverhampton Wanderers,Burnley,D,1,1,0,0,16,6,2,1,5,7,2,3,5,5
21,01/12/2021,West Ham United,Brighton and Hove Albion,D,1,1,1,1,14,9,6,3,10,8,1,1,9,5
21,01/12/2021,Watford,Chelsea,A,0,3,1,2,13,8,6,4,18,16,4,3,6,0
21,01/12/2021,Southampton,Leicester City,D,1,1,2,2,15,15,7,6,14,11,1,3,2,4
21,30/11/2021,Leeds United,Crystal Palace,H,3,0,1,0,15,9,3,1,15,15,5,3,7,4
21,30/11/2021,Newcastle United,Norwich City,D,1,1,1,1,9,16,1,6,8,11,0,0,2,5
21,28/11/2021,Chelsea,Manchester United,D,1,1,1,1,24,3,6,2,13,14,2,5,15,2
21,28/11/2021,Manchester City,West Ham United,H,3,0,2,1,19,5,9,3,7,6,2,0,8,4
21,28/11/2021,Leicester City,Watford,H,3,0,4,2,18,16,8,5,5,19,0,0,8,6
21,28/11/2021,Brentford,Everton,H,3,0,1,0,6,14,4,5,8,11,4,3,3,3
21,27/11/2021,Brighton and Hove Albion,Leeds United,D,1,1,0,0,20,11,4,4,12,14,1,3,6,1
21,27/11/2021,Norwich City,Wolverhampton Wanderers,D,1,1,0,0,14,5,4,2,11,10,2,2,4,3
21,27/11/2021,Liverpool,Southampton,H,3,0,4,0,20,7,6,3,7,14,0,1,5,7
21,27/11/2021,Crystal Palace,Aston Villa,A,0,3,1,2,8,10,3,3,12,10,3,3,7,3
21,27/11/2021,Arsenal,Newcastle United,H,3,0,2,0,24,9,6,5,6,12,1,3,4,4
21,21/11/2021,Tottenham Hotspur,Leeds United,H,3,0,2,1,13,18,4,7,11,12,1,4,4,8
21,21/11/2021,Manchester City,Everton,H,3,0,3,0,17,4,7,1,5,7,1,1,7,1
21,20/11/2021,Liverpool,Arsenal,H,3,0,4,0,19,5,9,3,15,12,2,0,6,1
21,20/11/2021,Wolverhampton Wanderers,West Ham United,H,3,0,1,0,15,8,5,3,6,9,1,1,7,3
21,20/11/2021,Watford,Manchester United,H,3,0,4,1,20,9,7,3,7,5,2,1,9,3
21,20/11/2021,Norwich City,Southampton,H,3,0,2,1,8,17,4,5,8,9,3,2,5,7
21,20/11/2021,Newcastle United,Brentford,D,1,1,3,3,23,10,9,4,13,11,2,2,8,2
21,20/11/2021,Burnley,Crystal Palace,D,1,1,3,3,15,18,9,8,14,15,2,3,3,6
21,20/11/2021,Aston Villa,Brighton and Hove Albion,H,3,0,2,0,9,6,5,2,7,13,3,3,5,7
21,20/11/2021,Leicester City,Chelsea,A,0,3,0,3,4,16,3,7,15,8,3,1,3,5
21,07/11/2021,West Ham United,Liverpool,H,3,0,3,2,7,16,3,5,11,6,1,1,3,2
21,07/11/2021,Leeds United,Leicester City,D,1,1,1,1,18,9,5,3,12,5,1,1,10,5
21,07/11/2021,Everton,Tottenham Hotspur,D,1,1,0,0,12,8,2,0,13,17,2,4,4,2
21,07/11/2021,Arsenal,Watford,H,3,0,1,0,14,7,6,1,6,19,4,2,4,2
21,06/11/2021,Brighton and Hove Albion,Newcastle United,D,1,1,1,1,14,6,5,1,16,10,3,4,2,5
21,06/11/2021,Crystal Palace,Wolverhampton Wanderers,H,3,0,2,0,13,4,6,2,14,13,2,1,4,6
21,06/11/2021,Chelsea,Burnley,D,1,1,1,1,25,5,4,2,6,9,1,4,14,2
21,06/11/2021,Brentford,Norwich City,A,0,3,1,2,19,9,7,5,12,13,2,3,6,2
21,06/11/2021,Manchester United,Manchester City,A,0,3,0,2,5,16,1,5,9,12,1,2,1,9
21,05/11/2021,Southampton,Aston Villa,H,3,0,1,0,9,14,3,3,12,12,2,2,10,8
21,01/11/2021,Wolverhampton Wanderers,Everton,H,3,0,2,1,10,14,4,5,10,8,1,1,4,3
21,31/10/2021,Aston Villa,West Ham United,A,0,3,1,4,9,21,3,9,7,13,1,2,3,6
21,31/10/2021,Norwich City,Leeds United,A,0,3,1,2,14,13,3,6,14,23,1,4,5,0
21,30/10/2021,Tottenham Hotspur,Manchester United,A,0,3,0,3,9,10,0,4,12,14,2,3,10,2
21,30/10/2021,Watford,Southampton,A,0,3,0,1,10,12,4,1,16,6,2,2,5,8
21,30/10/2021,Newcastle United,Chelsea,A,0,3,0,3,6,19,1,6,14,12,3,2,0,2
21,30/10/2021,Manchester City,Crystal Palace,A,0,3,0,2,14,8,3,3,11,11,2,3,7,1
21,30/10/2021,Liverpool,Brighton and Hove Albion,D,1,1,2,2,14,9,3,6,8,5,2,2,5,3
21,30/10/2021,Burnley,Brentford,H,3,0,3,1,15,12,6,5,7,10,1,1,4,2
21,30/10/2021,Leicester City,Arsenal,A,0,3,0,2,16,9,8,5,8,11,2,0,7,6
21,24/10/2021,Manchester United,Liverpool,A,0,3,0,5,12,19,4,8,10,8,6,0,6,3
21,24/10/2021,West Ham United,Tottenham Hotspur,H,3,0,1,0,13,7,4,4,11,4,2,1,2,4
21,24/10/2021,Brentford,Leicester City,A,0,3,1,2,15,10,5,6,13,7,1,1,9,2
21,23/10/2021,Brighton and Hove Albion,Manchester City,A,0,3,1,4,10,23,5,14,10,6,2,3,7,6
21,23/10/2021,Southampton,Burnley,D,1,1,2,2,16,9,4,5,10,11,1,3,6,2
21,23/10/2021,Leeds United,Wolverhampton Wanderers,D,1,1,1,1,18,8,4,4,15,14,2,3,6,3
21,23/10/2021,Everton,Watford,A,0,3,2,5,15,20,4,8,9,13,4,3,3,5
21,23/10/2021,Crystal Palace,Newcastle United,D,1,1,1,1,15,6,3,2,13,9,3,4,3,7
21,23/10/2021,Chelsea,Norwich City,H,3,0,7,0,23,3,13,1,14,16,0,2,5,0
21,22/10/2021,Arsenal,Aston Villa,H,3,0,3,1,22,10,9,4,17,10,2,5,7,4
21,18/10/2021,Arsenal,Crystal Palace,D,1,1,2,2,17,9,6,6,7,4,1,1,6,4
21,17/10/2021,Newcastle United,Tottenham Hotspur,A,0,3,2,3,7,14,1,4,13,4,4,1,2,9
21,17/10/2021,Everton,West Ham United,A,0,3,0,1,15,16,2,4,3,3,0,2,7,9
21,16/10/2021,Brentford,Chelsea,A,0,3,0,1,17,5,7,1,13,8,1,1,5,5
21,16/10/2021,Southampton,Leeds United,H,3,0,1,0,19,3,5,0,16,14,2,3,8,1
21,16/10/2021,Norwich City,Brighton and Hove Albion,D,1,1,0,0,15,11,3,3,5,14,3,5,8,4
21,16/10/2021,Manchester City,Burnley,H,3,0,2,0,15,7,6,2,11,5,1,0,6,2
21,16/10/2021,Leicester City,Manchester United,H,3,0,4,2,22,18,11,6,5,17,0,3,4,3
21,16/10/2021,Aston Villa,Wolverhampton Wanderers,A,0,3,2,3,14,9,5,4,8,17,2,3,6,7
21,16/10/2021,Watford,Liverpool,A,0,3,0,5,6,19,2,8,4,10,0,0,1,9
21,03/10/2021,Liverpool,Manchester City,D,1,1,2,2,6,12,4,3,10,12,3,3,3,4
21,03/10/2021,West Ham United,Brentford,A,0,3,1,2,18,13,5,6,16,13,2,3,11,6
21,03/10/2021,Tottenham Hotspur,Aston Villa,H,3,0,2,1,17,14,8,3,11,14,2,1,5,8
21,03/10/2021,Crystal Palace,Leicester City,D,1,1,2,2,18,9,4,5,15,11,2,3,1,3
21,02/10/2021,Brighton and Hove Albion,Arsenal,D,1,1,0,0,21,8,2,2,8,5,2,1,8,5
21,02/10/2021,Wolverhampton Wanderers,Newcastle United,H,3,0,2,1,7,8,3,2,15,5,0,2,0,4
21,02/10/2021,Leeds United,Watford,H,3,0,1,0,20,5,4,1,10,16,0,3,6,3
21,02/10/2021,Chelsea,Southampton,H,3,0,3,1,20,6,9,2,11,13,1,3,7,2
21,02/10/2021,Burnley,Norwich City,D,1,1,0,0,14,10,4,2,13,3,5,2,9,5
21,02/10/2021,Manchester United,Everton,D,1,1,1,1,13,12,6,2,10,9,1,1,10,1
21,27/09/2021,Crystal Palace,Brighton and Hove Albion,D,1,1,1,1,8,8,3,4,12,10,2,3,6,5
21,26/09/2021,Arsenal,Tottenham Hotspur,H,3,0,3,1,12,10,7,4,12,13,2,1,4,4
21,26/09/2021,Southampton,Wolverhampton Wanderers,A,0,3,0,1,18,5,6,3,12,8,0,0,5,5
21,25/09/2021,Brentford,Liverpool,D,1,1,3,3,12,16,4,6,8,7,1,1,2,11
21,25/09/2021,Watford,Newcastle United,D,1,1,1,1,15,20,4,6,19,12,4,3,5,6
21,25/09/2021,Leicester City,Burnley,D,1,1,2,2,22,9,5,3,10,8,2,4,8,4
21,25/09/2021,Leeds United,West Ham United,A,0,3,1,2,15,20,5,7,10,6,3,2,5,7
21,25/09/2021,Everton,Norwich City,H,3,0,2,0,11,10,4,2,12,9,2,3,6,4
21,25/09/2021,Manchester United,Aston Villa,A,0,3,0,1,28,7,4,3,9,13,2,2,5,5
21,25/09/2021,Chelsea,Manchester City,A,0,3,0,1,5,15,0,4,12,10,3,2,4,13
21,19/09/2021,Tottenham Hotspur,Chelsea,A,0,3,0,3,8,20,2,10,4,15,0,1,5,11
21,19/09/2021,West Ham United,Manchester United,A,0,3,1,2,13,17,4,10,5,8,0,0,2,11
21,19/09/2021,Brighton and Hove Albion,Leicester City,H,3,0,2,1,12,14,5,3,8,10,2,1,4,9
21,18/09/2021,Aston Villa,Everton,H,3,0,3,0,15,11,3,1,7,10,1,1,5,4
21,18/09/2021,Norwich City,Watford,A,0,3,1,3,12,12,5,8,10,14,1,1,4,8
21,18/09/2021,Manchester City,Southampton,D,1,1,0,0,18,10,1,2,5,12,0,2,8,5
21,18/09/2021,Liverpool,Crystal Palace,H,3,0,3,0,25,13,10,2,17,11,3,1,10,5
21,18/09/2021,Burnley,Arsenal,A,0,3,0,1,18,13,3,3,9,8,2,1,8,3
21,18/09/2021,Wolverhampton Wanderers,Brentford,A,0,3,0,2,11,9,0,3,10,7,4,2,4,2
21,17/09/2021,Newcastle United,Leeds United,D,1,1,1,1,17,22,7,9,9,11,2,2,4,5
21,13/09/2021,Everton,Burnley,H,3,0,3,1,14,11,6,6,3,6,1,1,4,6
21,12/09/2021,Leeds United,Liverpool,A,0,3,0,3,9,30,4,9,9,8,2,1,2,11
21,11/09/2021,Chelsea,Aston Villa,H,3,0,3,0,12,18,4,6,11,11,1,4,4,11
21,11/09/2021,Watford,Wolverhampton Wanderers,A,0,3,0,2,6,14,2,5,15,13,3,3,6,8
21,11/09/2021,Southampton,West Ham United,D,1,1,0,0,11,13,3,3,10,12,3,1,5,4
21,11/09/2021,Manchester United,Newcastle United,H,3,0,4,1,21,12,7,3,9,2,1,0,7,3
21,11/09/2021,Leicester City,Manchester City,A,0,3,0,1,6,25,1,8,4,11,1,2,5,8
21,11/09/2021,Brentford,Brighton and Hove Albion,A,0,3,0,1,7,4,1,2,9,12,3,2,1,6
21,11/09/2021,Arsenal,Norwich City,H,3,0,1,0,30,10,7,1,9,11,1,2,8,4
21,11/09/2021,Crystal Palace,Tottenham Hotspur,H,3,0,3,0,18,2,4,1,13,15,2,1,8,2
21,29/08/2021,Wolverhampton Wanderers,Manchester United,A,0,3,0,1,15,10,6,3,7,9,3,4,5,7
21,29/08/2021,Tottenham Hotspur,Watford,H,3,0,1,0,15,9,8,2,8,14,3,3,10,3
21,29/08/2021,Burnley,Leeds United,D,1,1,1,1,12,12,3,2,13,9,4,3,5,5
21,28/08/2021,Liverpool,Chelsea,D,1,1,1,1,24,6,7,3,13,4,0,2,12,3
21,28/08/2021,West Ham United,Crystal Palace,D,1,1,2,2,14,9,4,2,10,7,1,0,5,3
21,28/08/2021,Norwich City,Leicester City,A,0,3,1,2,14,9,4,3,8,9,2,1,9,9
21,28/08/2021,Newcastle United,Southampton,D,1,1,2,2,10,22,5,6,11,6,3,3,4,4
21,28/08/2021,Brighton and Hove Albion,Everton,A,0,3,0,2,14,14,3,5,7,9,1,2,4,5
21,28/08/2021,Aston Villa,Brentford,D,1,1,1,1,7,9,5,2,15,14,3,3,3,2
21,28/08/2021,Manchester City,Arsenal,H,3,0,5,0,25,1,10,0,5,7,1,2,14,0
21,23/08/2021,West Ham United,Leicester City,H,3,0,4,1,13,5,7,1,8,8,0,1,10,0
21,22/08/2021,Arsenal,Chelsea,A,0,3,0,2,6,22,3,5,10,4,3,0,9,8
21,22/08/2021,Wolverhampton Wanderers,Tottenham Hotspur,A,0,3,0,1,25,8,6,6,9,7,1,4,5,4
21,22/08/2021,Southampton,Manchester United,D,1,1,1,1,8,15,3,4,12,10,2,3,7,7
21,21/08/2021,Brighton and Hove Albion,Watford,H,3,0,2,0,13,10,3,1,11,6,4,0,7,2
21,21/08/2021,Manchester City,Norwich City,H,3,0,5,0,16,1,4,0,13,7,1,0,6,1
21,21/08/2021,Leeds United,Everton,D,1,1,2,2,17,17,4,8,6,13,2,4,8,5
21,21/08/2021,Crystal Palace,Brentford,D,1,1,0,0,7,14,2,3,12,9,3,1,3,5
21,21/08/2021,Aston Villa,Newcastle United,H,3,0,2,0,10,9,2,1,8,18,3,4,3,4
21,21/08/2021,Liverpool,Burnley,H,3,0,2,0,27,9,9,3,6,12,0,0,8,4
21,15/08/2021,Tottenham Hotspur,Manchester City,H,3,0,1,0,13,18,3,4,11,8,2,1,3,11
21,15/08/2021,Newcastle United,West Ham United,A,0,3,2,4,17,8,3,9,4,3,1,0,7,6
21,14/08/2021,Norwich City,Liverpool,A,0,3,0,3,14,19,3,8,4,14,1,1,3,11
21,14/08/2021,Watford,Aston Villa,H,3,0,3,2,13,11,7,2,18,13,3,1,2,4
21,14/08/2021,Leicester City,Wolverhampton Wanderers,H,3,0,1,0,9,17,5,3,6,10,1,2,5,4
21,14/08/2021,Everton,Southampton,H,3,0,3,1,14,6,6,3,13,15,2,0,6,8
21,14/08/2021,Chelsea,Crystal Palace,H,3,0,3,0,13,4,6,1,15,11,0,0,5,2
21,14/08/2021,Burnley,Brighton and Hove Albion,A,0,3,1,2,14,14,3,8,10,7,2,1,7,6
21,14/08/2021,Manchester United,Leeds United,H,3,0,5,1,16,10,8,3,11,9,1,2,5,4
21,13/08/2021,Brentford,Arsenal,H,3,0,2,0,8,22,3,4,12,8,0,0,2,5